{
  "speaker_SPEAKER_00": {
    "segments": [
      {
        "start": 0.03,
        "end": 12.6
      }
    ],
    "embedding": [
      0.0036640383768826723,
      0.0,
      0.009415651671588421,
      0.0,
      0.0,
      0.006447324994951487,
      0.0028947917744517326,
      0.06664576381444931,
      0.0013583488762378693,
      0.024453287944197655,
      0.10318746417760849,
      0.07551940530538559,
      0.0006590528646484017,
      0.11238787323236465,
      0.0,
      0.0,
      0.07603753358125687,
      0.04970477521419525,
      0.0,
      0.05565629526972771,
      0.025488657876849174,
      0.17603322863578796,
      0.0,
      0.0,
      0.0,
      0.026283815503120422,
      0.0,
      0.013113675639033318,
      0.0,
      0.0,
      0.027458354830741882,
      0.17018631100654602,
      0.0,
      0.0,
      0.24581480026245117,
      0.0812220573425293,
      0.008920191787183285,
      0.0,
      0.025277165696024895,
      0.01914718560874462,
      0.0,
      0.009189716540277004,
      0.0,
      0.020648714154958725,
      0.09080354869365692,
      0.0,
      0.13463637232780457,
      0.0,
      0.0,
      0.0,
      0.0,
      0.089762844145298,
      0.0,
      0.0,
      0.0,
      0.0,
      0.0,
      0.0,
      0.0,
      0.0,
      0.0,
      0.045344527810811996,
      0.02420691028237343,
      0.07216271013021469,
      0.16109345853328705,
      0.0,
      0.15865351259708405,
      0.03681977838277817,
      0.0,
      0.0,
      0.0,
      0.003975873347371817,
      0.0,
      0.060741182416677475,
      0.0017201527953147888,
      0.016979994252324104,
      0.0,
      0.09708807617425919,
      0.0,
      0.19428309798240662,
      0.0,
      0.0,
      0.1269112527370453,
      0.17897124588489532,
      0.0,
      0.0,
      0.0011040010722354054,
      0.0032054325565695763,
      0.0,
      0.17329604923725128,
      0.013154761865735054,
      0.0,
      0.0,
      0.0,
      0.0,
      0.0,
      0.09483589231967926,
      0.0,
      0.0,
      0.0,
      0.0,
      0.0,
      0.1433946043252945,
      0.14148761332035065,
      0.05590018257498741,
      0.01938982494175434,
      0.09632494300603867,
      0.008792083710432053,
      0.0,
      0.003984462004154921,
      0.0,
      0.020267080515623093,
      0.0,
      0.12552016973495483,
      0.008369414135813713,
      0.0,
      0.041639093309640884,
      0.035865090787410736,
      0.04916374012827873,
      0.0,
      0.00027705795946531,
      0.05865435302257538,
      0.059104014188051224,
      0.011618287302553654,
      0.037206970155239105,
      0.11455300450325012,
      0.21074189245700836,
      0.11166650056838989,
      0.0,
      0.0,
      0.0,
      0.0,
      0.1501816362142563,
      0.24132482707500458,
      0.07023003697395325,
      0.029984325170516968,
      0.002624149201437831,
      0.0,
      0.04675428941845894,
      0.0,
      0.0,
      0.0,
      0.029182329773902893,
      0.07383677363395691,
      0.010671543888747692,
      0.0007614127243869007,
      0.021250078454613686,
      0.0,
      0.14974753558635712,
      0.10656871646642685,
      0.0,
      0.0,
      0.0,
      0.016276735812425613,
      0.0,
      0.19233231246471405,
      0.0,
      0.0,
      0.08354300260543823,
      0.011368914507329464,
      0.03357059136033058,
      0.0026600786950439215,
      0.042786456644535065,
      0.022244345396757126,
      0.02515535056591034,
      0.13540467619895935,
      0.047906264662742615,
      0.05944240093231201,
      0.03897485509514809,
      0.14231520891189575,
      0.0,
      0.0,
      0.0,
      0.10674481838941574,
      0.0,
      0.0018154981080442667,
      0.0019073019502684474,
      0.0,
      0.008036970160901546,
      0.10645405948162079,
      0.041080061346292496,
      0.0,
      0.01904379576444626,
      0.07192090898752213,
      0.0,
      0.0,
      0.0,
      0.16652630269527435,
      0.0,
      0.0018917733104899526,
      0.02181674912571907,
      0.09679005295038223,
      0.0,
      0.0007964724209159613,
      0.0,
      0.0,
      0.02401287853717804,
      0.07738979160785675,
      0.0,
      0.048292405903339386,
      0.0021071245428174734,
      0.041567347943782806,
      0.0,
      0.0,
      0.0,
      0.0,
      0.0,
      0.08596498519182205,
      0.04162260890007019,
      0.001959263812750578,
      0.0,
      0.0,
      0.06230892241001129,
      0.05761560797691345,
      0.0,
      0.004814960062503815,
      0.0,
      0.08502364903688431,
      0.11525993049144745,
      0.0,
      0.08293737471103668,
      0.029259685426950455,
      0.0,
      0.0,
      0.0,
      0.03888627141714096,
      0.034255895763635635,
      0.013356819748878479,
      0.0,
      0.0,
      0.02685696631669998,
      0.0,
      0.021146243438124657,
      0.0,
      0.0,
      0.0019886386580765247,
      0.011589610949158669,
      0.11501624435186386,
      0.0773804634809494,
      0.1112765222787857,
      0.09286332875490189,
      0.0843738317489624,
      0.0,
      0.14329136908054352,
      0.0,
      0.10446366667747498,
      0.0037360640708357096,
      0.0,
      0.08229685574769974,
      0.0,
      0.0,
      0.015170024707913399,
      0.00873221829533577,
      0.0,
      0.006405544001609087,
      0.0
    ],
    "duration": 9.84
  },
  "pause_segments": [
    {
      "start": 0.0,
      "end": 0.03
    }
  ]
}