{
  "speaker_SPEAKER_01": {
    "segments": [
      {
        "start": 0.03,
        "end": 6.21
      }
    ],
    "embedding": [
      0.0,
      0.0,
      0.0,
      0.0,
      0.0,
      0.008084085769951344,
      0.0,
      0.053084585815668106,
      0.02228555828332901,
      0.0556468591094017,
      0.10091255605220795,
      0.08845168352127075,
      0.10937976092100143,
      0.15399116277694702,
      0.0,
      0.018435755744576454,
      0.10699999332427979,
      0.0,
      0.0,
      0.0004197683883830905,
      0.01723710633814335,
      0.14476378262043,
      0.0,
      0.0,
      0.0,
      0.03035699762403965,
      0.0,
      0.004031958524137735,
      0.0,
      0.0,
      0.03555067628622055,
      0.08870469033718109,
      0.01283271424472332,
      0.0,
      0.057501669973134995,
      0.11756590008735657,
      0.01918739452958107,
      0.0,
      0.0,
      0.0,
      0.0,
      0.15155746042728424,
      0.0,
      0.1048404797911644,
      0.10515816509723663,
      0.04894848167896271,
      0.0,
      0.021808702498674393,
      0.01849079504609108,
      0.05575010925531387,
      0.0,
      0.0,
      0.0,
      0.0,
      0.0,
      0.0,
      0.014899204485118389,
      0.0,
      0.0047212340869009495,
      0.0,
      0.08402363210916519,
      0.0,
      0.2867265045642853,
      0.0,
      0.01594538986682892,
      0.0,
      0.09326969087123871,
      0.005212482530623674,
      0.0,
      0.0,
      0.0,
      0.008818425238132477,
      0.0,
      0.16326653957366943,
      0.058235879987478256,
      0.001512114773504436,
      0.0,
      0.0,
      0.0015874766977503896,
      0.1708303540945053,
      0.0,
      0.0,
      0.0288842786103487,
      0.10812826454639435,
      0.0,
      0.014253879897296429,
      0.0,
      0.000973203859757632,
      0.0,
      0.04384399950504303,
      0.0,
      0.0,
      0.0,
      0.0,
      0.018301431089639664,
      0.0,
      0.0,
      0.0,
      0.0,
      0.0,
      0.0,
      0.0,
      0.06794138252735138,
      0.056303638964891434,
      0.031183382496237755,
      0.08728591352701187,
      0.18445561826229095,
      0.0,
      0.0,
      0.058177947998046875,
      0.0,
      0.12052265554666519,
      0.04420270025730133,
      0.07915199548006058,
      0.0,
      0.0,
      0.17239218950271606,
      0.0,
      0.02951068989932537,
      0.0,
      0.005969052668660879,
      0.12073762714862823,
      0.09446296095848083,
      0.06494680047035217,
      0.0,
      0.052386146038770676,
      0.10957140475511551,
      0.08024384081363678,
      0.0,
      0.0,
      0.08235184848308563,
      0.0,
      0.0,
      0.09380750358104706,
      0.12662222981452942,
      0.0545489564538002,
      0.03233656659722328,
      0.0032077347859740257,
      0.020743945613503456,
      0.07944108545780182,
      0.0,
      0.0,
      0.0,
      0.0,
      0.014677940867841244,
      0.0,
      0.06674766540527344,
      0.0,
      0.17478501796722412,
      0.02709074690937996,
      0.010383708402514458,
      0.0,
      0.0,
      0.0,
      0.0016537618357688189,
      0.12701313197612762,
      0.0,
      0.07749491930007935,
      0.08996570855379105,
      0.010431740432977676,
      0.07949697226285934,
      0.0,
      0.0072580985724925995,
      0.0807366818189621,
      0.0,
      0.05478690564632416,
      0.10681255906820297,
      0.02851247414946556,
      0.09200242906808853,
      0.11124327033758163,
      0.0,
      0.0,
      0.0,
      0.013850393705070019,
      0.0,
      0.0,
      0.02028745971620083,
      0.13193722069263458,
      0.0015829671174287796,
      0.011769370175898075,
      0.019882213324308395,
      0.0050036851316690445,
      0.0,
      0.07388056814670563,
      0.0,
      0.0,
      0.0,
      0.16093046963214874,
      0.0,
      0.004631225019693375,
      0.07606496661901474,
      0.11611106246709824,
      0.0,
      0.0443408340215683,
      0.0,
      0.06464596092700958,
      0.0,
      0.08088862150907516,
      0.09883957356214523,
      0.10717077553272247,
      0.0038324377965182066,
      0.06645284593105316,
      0.011860082857310772,
      0.0,
      0.0,
      0.11921712011098862,
      0.026509303599596024,
      0.10745014250278473,
      0.05124485865235329,
      0.008408227004110813,
      0.0,
      0.0,
      0.17903031408786774,
      0.06568394601345062,
      0.0,
      0.08816684782505035,
      0.0,
      0.0034606424160301685,
      0.10338625311851501,
      0.0,
      0.04617079347372055,
      0.0,
      0.0,
      0.0,
      0.0,
      0.15803688764572144,
      0.0,
      0.08623997122049332,
      0.0,
      0.0,
      0.032949842512607574,
      0.0,
      0.0,
      0.0,
      0.0,
      0.017896531149744987,
      0.022891975939273834,
      0.03939061611890793,
      0.09379147738218307,
      0.09707693010568619,
      0.10509378463029861,
      0.07637621462345123,
      0.0,
      0.19073821604251862,
      0.12777087092399597,
      0.06996768712997437,
      0.0004613997880369425,
      0.0,
      0.059895988553762436,
      0.05161230266094208,
      0.0,
      0.04209693893790245,
      0.1031225174665451,
      0.0,
      0.0,
      0.0
    ],
    "duration": 6.18
  },
  "speaker_SPEAKER_00": {
    "segments": [
      {
        "start": 8.77,
        "end": 10.7
      }
    ],